"gene","baseMean","log2FoldChange","lfcSE","stat","pvalue","padj","regulation","external_gene_name","description"
"ENSG00000004848",43.3602608549968,3.73108584217372,0.85246271880117,4.37683168997795,1.20416887092471e-05,0.0018048234208475,"Upregulated","ARX","aristaless related homeobox [Source:HGNC Symbol;Acc:HGNC:18060]"
"ENSG00000005421",92.2720334945881,1.91061139758871,0.608681493585979,3.13893459505818,0.00169563289813189,0.0461079544720804,"Upregulated","PON1","paraoxonase 1 [Source:HGNC Symbol;Acc:HGNC:9204]"
"ENSG00000008118",144.592695275115,2.61057845538252,0.624866331663273,4.17781903600673,2.94317669814435e-05,0.00338724402742422,"Upregulated","CAMK1G","calcium/calmodulin dependent protein kinase IG [Source:HGNC Symbol;Acc:HGNC:14585]"
"ENSG00000012504",7.90303227200689,4.11799694111718,1.04416587081501,3.94381492080652,8.01955592069591e-05,0.00665277119969406,"Upregulated","NR1H4","nuclear receptor subfamily 1 group H member 4 [Source:HGNC Symbol;Acc:HGNC:7967]"
"ENSG00000013619",1234.43320180047,1.27030375618672,0.381401738848917,3.33061868050349,0.000866532159914962,0.0304544125234629,"Upregulated","MAMLD1","mastermind like domain containing 1 [Source:HGNC Symbol;Acc:HGNC:2568]"
"ENSG00000019186",218.990210529579,2.42609540868176,0.691919903400952,3.50632406548348,0.000454341685751631,0.0201826726197908,"Upregulated","CYP24A1","cytochrome P450 family 24 subfamily A member 1 [Source:HGNC Symbol;Acc:HGNC:2602]"
"ENSG00000064205",133.971885656565,2.35922134929766,0.619539924379124,3.8080214954056,0.000140083098848858,0.00957794348820222,"Upregulated","CCN5","cellular communication network factor 5 [Source:HGNC Symbol;Acc:HGNC:12770]"
"ENSG00000064225",1370.99063358846,1.18071109193644,0.301062544396982,3.92181330394775,8.78850781053334e-05,0.00702328552047145,"Upregulated","ST3GAL6","ST3 beta-galactoside alpha-2,3-sialyltransferase 6 [Source:HGNC Symbol;Acc:HGNC:18080]"
"ENSG00000064655",8650.46159229713,1.83573772201447,0.557909507293979,3.29038616122232,0.00100049975582284,0.0329983193936121,"Upregulated","EYA2","EYA transcriptional coactivator and phosphatase 2 [Source:HGNC Symbol;Acc:HGNC:3520]"
"ENSG00000064886",851.939015954603,2.51308951495654,0.732273189541591,3.43190157833002,0.000599365032844509,0.0240020605892413,"Upregulated","CHI3L2","chitinase 3 like 2 [Source:HGNC Symbol;Acc:HGNC:1933]"
"ENSG00000068976",131.442686165819,1.46960686463287,0.459026327484159,3.20157423799092,0.00136678850935598,0.0397450911283809,"Upregulated","PYGM","glycogen phosphorylase, muscle associated [Source:HGNC Symbol;Acc:HGNC:9726]"
"ENSG00000069431",480.192831927658,1.79587802681267,0.568477294905514,3.15910247059412,0.00158255836489226,0.0441724339508998,"Upregulated","ABCC9","ATP binding cassette subfamily C member 9 [Source:HGNC Symbol;Acc:HGNC:60]"
"ENSG00000069702",2174.58085983899,1.33195792064181,0.38673690523788,3.44409313567456,0.000572978290214927,0.0233655943671231,"Upregulated","TGFBR3","transforming growth factor beta receptor 3 [Source:HGNC Symbol;Acc:HGNC:11774]"
"ENSG00000070601",219.526970948537,1.62533623959088,0.510189776254422,3.18574835333501,0.00144380122604696,0.0413113839012966,"Upregulated","FRMPD1","FERM and PDZ domain containing 1 [Source:HGNC Symbol;Acc:HGNC:29159]"
"ENSG00000076770",2276.31957250912,1.15878205314309,0.35148873196747,3.29678293428289,0.000977990540767788,0.0326512980847754,"Upregulated","MBNL3","muscleblind like splicing regulator 3 [Source:HGNC Symbol;Acc:HGNC:20564]"
"ENSG00000077274",667.731103361927,2.54957239501228,0.718176563785878,3.55006348518555,0.000385138262030696,0.0182438320209758,"Upregulated","CAPN6","calpain 6 [Source:HGNC Symbol;Acc:HGNC:1483]"
"ENSG00000085465",1839.7267708239,3.68176375351915,0.694396076922246,5.30210909289369,1.14472396706512e-07,5.50225042110638e-05,"Upregulated","OVGP1","oviductal glycoprotein 1 [Source:HGNC Symbol;Acc:HGNC:8524]"
"ENSG00000090539",276.55544725752,2.41268157285137,0.632459286127957,3.81476187601306,0.000136314313974746,0.00939964842249908,"Upregulated","CHRD","chordin [Source:HGNC Symbol;Acc:HGNC:1949]"
"ENSG00000096006",559.575050129119,3.25851692325296,0.858019716349803,3.79771800246664,0.00014603432495663,0.00980109222013848,"Upregulated","CRISP3","cysteine rich secretory protein 3 [Source:HGNC Symbol;Acc:HGNC:16904]"
"ENSG00000099869",116.390453364131,4.101546372152,0.973417880772873,4.21355150050815,2.51386233339315e-05,0.00306588023757295,"Upregulated","IGF2-AS","IGF2 antisense RNA [Source:HGNC Symbol;Acc:HGNC:14062]"
"ENSG00000100427",361.026843967402,3.15650599661797,0.856078193984307,3.68717018935753,0.000226761706656343,0.0130029936527414,"Upregulated","MLC1","modulator of VRAC current 1 [Source:HGNC Symbol;Acc:HGNC:17082]"
"ENSG00000100628",122.645534126598,1.13660929263771,0.333642205713632,3.40667119798769,0.000657602948615397,0.0255270218236274,"Upregulated","ASB2","ankyrin repeat and SOCS box containing 2 [Source:HGNC Symbol;Acc:HGNC:16012]"
"ENSG00000101425",34.499426736422,3.45668160230802,1.02261256817399,3.38024556893563,0.000724210922474753,0.027176617682075,"Upregulated","BPI","bactericidal permeability increasing protein [Source:HGNC Symbol;Acc:HGNC:1095]"
"ENSG00000101883",169.83018709958,2.58836577189656,0.54182414825417,4.77713254427035,1.77812575183216e-06,0.000454047189051829,"Upregulated","RHOXF1","Rhox homeobox family member 1 [Source:HGNC Symbol;Acc:HGNC:29993]"
"ENSG00000102970",17.8718038573149,2.39228250308868,0.684364430166525,3.49562659547717,0.000472950041860417,0.0206386810656979,"Upregulated","CCL17","C-C motif chemokine ligand 17 [Source:HGNC Symbol;Acc:HGNC:10615]"
"ENSG00000106278",46.6423879207595,2.90656542423022,0.896134310460532,3.24344843211784,0.00118092185537008,0.0361408528490366,"Upregulated","PTPRZ1","protein tyrosine phosphatase receptor type Z1 [Source:HGNC Symbol;Acc:HGNC:9685]"
"ENSG00000106809",254.500931673334,3.20597966130993,0.683769492562439,4.68868485093633,2.7496646741882e-06,0.000624116596360008,"Upregulated","OGN","osteoglycin [Source:HGNC Symbol;Acc:HGNC:8126]"
"ENSG00000107821",811.146674422358,1.68497538115323,0.526037985530567,3.20314393161882,0.00135936023571937,0.0395995448346593,"Upregulated","KAZALD1","Kazal type serine peptidase inhibitor domain 1 [Source:HGNC Symbol;Acc:HGNC:25460]"
"ENSG00000108924",63.0330181624223,1.50971677361437,0.457801755978195,3.29775225607977,0.000974620857058307,0.0325720682136511,"Upregulated","HLF","HLF transcription factor, PAR bZIP family member [Source:HGNC Symbol;Acc:HGNC:4977]"
"ENSG00000109181",4.38325588519807,1.94064467418623,0.61688212354153,3.1458922217505,0.00165581011313322,0.0454028133789928,"Upregulated","UGT2B10","UDP glucuronosyltransferase family 2 member B10 [Source:HGNC Symbol;Acc:HGNC:12544]"
"ENSG00000109205",3.8804810486158,4.22986865356701,1.11232543255674,3.80272582983601,0.000143112709131085,0.00966454317758161,"Upregulated","ODAM","odontogenic, ameloblast associated [Source:HGNC Symbol;Acc:HGNC:26043]"
"ENSG00000110375",50.0469685870356,2.10611439332779,0.568534876743117,3.7044594438828,0.000211841996174161,0.0125426729798721,"Upregulated","UPK2","uroplakin 2 [Source:HGNC Symbol;Acc:HGNC:12579]"
"ENSG00000111452",96.8668310923897,2.02869224177703,0.565040295830156,3.59034967372811,0.000330234643672474,0.0164287965425188,"Upregulated","ADGRD1","adhesion G protein-coupled receptor D1 [Source:HGNC Symbol;Acc:HGNC:19893]"
"ENSG00000113594",3265.55241184879,1.19595998820422,0.367883136952669,3.25092364415196,0.00115030746875396,0.0355702929197948,"Upregulated","LIFR","LIF receptor subunit alpha [Source:HGNC Symbol;Acc:HGNC:6597]"
"ENSG00000114251",1148.83381096238,2.244923563998,0.490045042239685,4.58105555713384,4.62634910783992e-06,0.00088428199175291,"Upregulated","WNT5A","Wnt family member 5A [Source:HGNC Symbol;Acc:HGNC:12784]"
"ENSG00000114654",172.180869118238,1.61951047310371,0.467977787997708,3.46065671200541,0.000538859491333611,0.0225802852233834,"Upregulated","EFCC1","EF-hand and coiled-coil domain containing 1 [Source:HGNC Symbol;Acc:HGNC:25692]"
"ENSG00000114737",796.59681464254,1.06032474075411,0.340527110094979,3.11377481945083,0.0018471040159362,0.048726872284806,"Upregulated","CISH","cytokine inducible SH2 containing protein [Source:HGNC Symbol;Acc:HGNC:1984]"
"ENSG00000115009",1557.52837257548,2.61927514632667,0.57119012205364,4.58564503340745,4.5258697094253e-06,0.00088428199175291,"Upregulated","CCL20","C-C motif chemokine ligand 20 [Source:HGNC Symbol;Acc:HGNC:10619]"
"ENSG00000116031",88.3969701452343,3.08383646936243,0.521998936300221,5.90774473837013,3.46822859897307e-09,3.55607972370215e-06,"Upregulated","CD207","CD207 molecule [Source:HGNC Symbol;Acc:HGNC:17935]"
"ENSG00000116039",756.570385639565,2.59946727501936,0.565947250160665,4.59312643410036,4.36654324708791e-06,0.00088428199175291,"Upregulated","ATP6V1B1","ATPase H+ transporting V1 subunit B1 [Source:HGNC Symbol;Acc:HGNC:853]"
"ENSG00000116194",397.33979796492,2.16081670017623,0.670854383313556,3.22099214661651,0.00127747648620292,0.0378501087728172,"Upregulated","ANGPTL1","angiopoietin like 1 [Source:HGNC Symbol;Acc:HGNC:489]"
"ENSG00000116544",545.409471264264,2.71608874988974,0.600513077555934,4.52294687893246,6.09845497618728e-06,0.00107120320325368,"Upregulated","DLGAP3","DLG associated protein 3 [Source:HGNC Symbol;Acc:HGNC:30368]"
"ENSG00000116990",3313.06456807676,1.34099411113693,0.415347797009803,3.22860532977685,0.00124395439884306,0.0371991303990717,"Upregulated","MYCL","MYCL proto-oncogene, bHLH transcription factor [Source:HGNC Symbol;Acc:HGNC:7555]"
"ENSG00000117594",240.626009481035,2.14064255717813,0.614230274989351,3.48508148220998,0.000491987197599653,0.0210992426178958,"Upregulated","HSD11B1","hydroxysteroid 11-beta dehydrogenase 1 [Source:HGNC Symbol;Acc:HGNC:5208]"
"ENSG00000117983",1746.68894597056,2.95082113098508,0.742351453225601,3.97496511681015,7.03895724384999e-05,0.00615155929185126,"Upregulated","MUC5B","mucin 5B, oligomeric mucus/gel-forming [Source:HGNC Symbol;Acc:HGNC:7516]"
"ENSG00000118004",902.207002179882,4.13311381615741,0.669306029764363,6.17522274169937,6.60702563158543e-10,1.21309923134546e-06,"Upregulated","COLEC11","collectin subfamily member 11 [Source:HGNC Symbol;Acc:HGNC:17213]"
"ENSG00000118407",392.994355468724,1.86153758914517,0.504945790295915,3.68660879033025,0.000227262312457738,0.0130088768523313,"Upregulated","FILIP1","filamin A interacting protein 1 [Source:HGNC Symbol;Acc:HGNC:21015]"
"ENSG00000118526",111.588481517896,3.39927074300194,0.642884011744315,5.28753349111734,1.23976667634656e-07,5.70729208681509e-05,"Upregulated","TCF21","transcription factor 21 [Source:HGNC Symbol;Acc:HGNC:11632]"
"ENSG00000118777",229.06940501208,1.31808130503759,0.382745152578703,3.44375701731862,0.000573691030686354,0.0233655943671231,"Upregulated","ABCG2","ATP binding cassette subfamily G member 2 (JR blood group) [Source:HGNC Symbol;Acc:HGNC:74]"
"ENSG00000119508",315.161576234006,2.20743949867099,0.52928089815383,4.17063889207168,3.03746858026324e-05,0.00343528237183059,"Upregulated","NR4A3","nuclear receptor subfamily 4 group A member 3 [Source:HGNC Symbol;Acc:HGNC:7982]"
"ENSG00000120156",338.001177992913,1.64120822121866,0.495840019195498,3.3099551421475,0.000933109240687175,0.0319023802634522,"Upregulated","TEK","TEK receptor tyrosine kinase [Source:HGNC Symbol;Acc:HGNC:11724]"
"ENSG00000120162",1961.87188920683,1.26541485291909,0.383155397205692,3.30261523691853,0.000957877210379434,0.0322590946969474,"Upregulated","MOB3B","MOB kinase activator 3B [Source:HGNC Symbol;Acc:HGNC:23825]"
"ENSG00000121440",1009.56208647814,1.42274760619151,0.429582659424844,3.3119297880794,0.000926547967624627,0.0317467501539866,"Upregulated","PDZRN3","PDZ domain containing ring finger 3 [Source:HGNC Symbol;Acc:HGNC:17704]"
"ENSG00000122012",291.884553303083,2.78941754624844,0.786087303803979,3.54848314271212,0.000387456798567423,0.0183006148282893,"Upregulated","SV2C","synaptic vesicle glycoprotein 2C [Source:HGNC Symbol;Acc:HGNC:30670]"
"ENSG00000122585",24.2188363202407,3.07818662947526,0.983484065689945,3.12987951392564,0.00174878014658803,0.0471607913293974,"Upregulated","NPY","neuropeptide Y [Source:HGNC Symbol;Acc:HGNC:7955]"
"ENSG00000122733",26.296716180595,1.46992357159746,0.4684606351325,3.13777393735912,0.00170236116440888,0.0461823551378075,"Upregulated","PHF24","PHD finger protein 24 [Source:HGNC Symbol;Acc:HGNC:29180]"
"ENSG00000123999",140.503490253835,1.65507440315097,0.449780591825351,3.67973726130369,0.000233474378436116,0.0133178186024162,"Upregulated","INHA","inhibin subunit alpha [Source:HGNC Symbol;Acc:HGNC:6065]"
"ENSG00000124875",231.761706170314,3.16164851048097,0.762298661415381,4.14751943104642,3.36096952895783e-05,0.0036857942636118,"Upregulated","CXCL6","C-X-C motif chemokine ligand 6 [Source:HGNC Symbol;Acc:HGNC:10643]"
"ENSG00000124939",7664.26287169186,3.40506000586978,0.781915581676222,4.35476678770134,1.33208658001265e-05,0.00194371651195149,"Upregulated","SCGB2A1","secretoglobin family 2A member 1 [Source:HGNC Symbol;Acc:HGNC:7051]"
"ENSG00000125384",524.107008144762,2.1400862851294,0.584342552152883,3.66238309574533,0.00024987979624459,0.0139136646341642,"Upregulated","PTGER2","prostaglandin E receptor 2 [Source:HGNC Symbol;Acc:HGNC:9594]"
"ENSG00000125798",509.716462219927,1.77883939502117,0.494957347924975,3.59392461285534,0.000325734119892505,0.0163109108703358,"Upregulated","FOXA2","forkhead box A2 [Source:HGNC Symbol;Acc:HGNC:5022]"
"ENSG00000125851",273.164278307664,3.01508591534236,0.842223001061892,3.57991400322821,0.000343707302429434,0.0167422849178928,"Upregulated","PCSK2","proprotein convertase subtilisin/kexin type 2 [Source:HGNC Symbol;Acc:HGNC:8744]"
"ENSG00000127249",74.4207323780279,1.86638702231757,0.496682441330501,3.75770687064743,0.000171477588486521,0.0109041731122217,"Upregulated","ATP13A4","ATPase 13A4 [Source:HGNC Symbol;Acc:HGNC:25422]"
"ENSG00000127324",351.392038408787,3.1295596268306,0.636479144055352,4.91698692103324,8.78864208742863e-07,0.000268464267876266,"Upregulated","TSPAN8","tetraspanin 8 [Source:HGNC Symbol;Acc:HGNC:11855]"
"ENSG00000127472",41.5958068480579,1.64634983205772,0.454979297895003,3.61851591858066,0.000296297277321855,0.0153776941250649,"Upregulated","PLA2G5","phospholipase A2 group V [Source:HGNC Symbol;Acc:HGNC:9038]"
"ENSG00000128016",7608.74010403728,1.53141706620328,0.436860398545225,3.50550672778535,0.000455738983128942,0.0201826726197908,"Upregulated","ZFP36","ZFP36 ring finger protein [Source:HGNC Symbol;Acc:HGNC:12862]"
"ENSG00000129596",48.341809053722,1.88810391545018,0.570095235485107,3.3119096563639,0.000926614644237516,0.0317467501539866,"Upregulated","CDO1","cysteine dioxygenase type 1 [Source:HGNC Symbol;Acc:HGNC:1795]"
"ENSG00000130222",563.692665374308,1.09555595542562,0.339120734218595,3.23057791777319,0.00123540226510859,0.0370790845133831,"Upregulated","GADD45G","growth arrest and DNA damage inducible gamma [Source:HGNC Symbol;Acc:HGNC:4097]"
"ENSG00000131095",43.0276532679558,1.82544268278698,0.530008470372642,3.44417643269651,0.000572801786041561,0.0233655943671231,"Upregulated","GFAP","glial fibrillary acidic protein [Source:HGNC Symbol;Acc:HGNC:4235]"
"ENSG00000132514",162.794566853244,2.39366106762081,0.62089541761586,3.85517592771435,0.000115646434307596,0.00845616041463931,"Upregulated","CLEC10A","C-type lectin domain containing 10A [Source:HGNC Symbol;Acc:HGNC:16916]"
"ENSG00000133687",5979.98995198609,1.80132742967265,0.5214420667904,3.45451114207231,0.000551291436034748,0.022954089919485,"Upregulated","TMTC1","transmembrane O-mannosyltransferase targeting cadherins 1 [Source:HGNC Symbol;Acc:HGNC:24099]"
"ENSG00000135409",35.2333589566948,2.96569006393744,0.762670468384698,3.88856024570958,0.000100840640703468,0.00781037047723428,"Upregulated","AMHR2","anti-Mullerian hormone receptor type 2 [Source:HGNC Symbol;Acc:HGNC:465]"
"ENSG00000135925",1488.11324679881,1.59056666638838,0.494120673637387,3.21898425070881,0.00128645550725389,0.0380179007726885,"Upregulated","WNT10A","Wnt family member 10A [Source:HGNC Symbol;Acc:HGNC:13829]"
"ENSG00000136158",1712.84774279037,1.46781395924544,0.35033702433859,4.18971977631128,2.79299154479471e-05,0.00327406279897496,"Upregulated","SPRY2","sprouty RTK signaling antagonist 2 [Source:HGNC Symbol;Acc:HGNC:11270]"
"ENSG00000136379",2753.49178030273,1.08098370153997,0.275442573889495,3.92453383758186,8.68978449277873e-05,0.00697851612153496,"Upregulated","ABHD17C","abhydrolase domain containing 17C, depalmitoylase [Source:HGNC Symbol;Acc:HGNC:26925]"
"ENSG00000136546",50.9422693359244,2.55869345655843,0.632187896929697,4.04736229368683,5.17980366340228e-05,0.00489311799821687,"Upregulated","SCN7A","sodium voltage-gated channel alpha subunit 7 [Source:HGNC Symbol;Acc:HGNC:10594]"
"ENSG00000136931",234.505294086419,4.51745285560107,0.863965643350091,5.22874131670828,1.70667963279032e-07,7.53821943212859e-05,"Upregulated","NR5A1","nuclear receptor subfamily 5 group A member 1 [Source:HGNC Symbol;Acc:HGNC:7983]"
"ENSG00000137463",76.2267202463965,2.86783394313666,0.618787593238778,4.63460155709686,3.57625631620085e-06,0.000780091179076836,"Upregulated","MGARP","mitochondria localized glutamic acid rich protein [Source:HGNC Symbol;Acc:HGNC:29969]"
"ENSG00000137872",1153.33865265752,1.85035056434907,0.513033846955342,3.60668321462646,0.00031013590284294,0.0157159565649946,"Upregulated","SEMA6D","semaphorin 6D [Source:HGNC Symbol;Acc:HGNC:16770]"
"ENSG00000138083",87.9115600329036,3.20963795665898,1.02943560788827,3.1178617992854,0.00182168202996256,0.0483685435819061,"Upregulated","SIX3","SIX homeobox 3 [Source:HGNC Symbol;Acc:HGNC:10889]"
"ENSG00000138115",44.3142043303913,2.25812817714459,0.549542758512879,4.1091036905942,3.97197715591862e-05,0.00406972016743574,"Upregulated","CYP2C8","cytochrome P450 family 2 subfamily C member 8 [Source:HGNC Symbol;Acc:HGNC:2622]"
"ENSG00000139292",3443.88628807802,2.84163445569635,0.779134559459826,3.64716777249164,0.000265146808123807,0.014447101273202,"Upregulated","LGR5","leucine rich repeat containing G protein-coupled receptor 5 [Source:HGNC Symbol;Acc:HGNC:4504]"
"ENSG00000139304",241.61333591933,2.86868516752914,0.768801048519619,3.73137520175473,0.00019043734483106,0.0116118087537211,"Upregulated","PTPRQ","protein tyrosine phosphatase receptor type Q [Source:HGNC Symbol;Acc:HGNC:9679]"
"ENSG00000141096",63.7369699955881,3.7010566849382,0.870405653770507,4.25210551988674,2.11770030195894e-05,0.00268283078951659,"Upregulated","DPEP3","dipeptidase 3 [Source:HGNC Symbol;Acc:HGNC:23029]"
"ENSG00000143125",13.3745678536954,2.68875129471722,0.747231190871148,3.59828568127969,0.00032032165641081,0.0161320698609974,"Upregulated","PROK1","prokineticin 1 [Source:HGNC Symbol;Acc:HGNC:18454]"
"ENSG00000145526",81.9219954054923,3.34626241352655,1.03559922131333,3.23123303364681,0.00123257404989553,0.0370282011220913,"Upregulated","CDH18","cadherin 18 [Source:HGNC Symbol;Acc:HGNC:1757]"
"ENSG00000145832",104.744724244656,2.07779070610578,0.658137252881702,3.15707809732396,0.00159358659649434,0.04440441424247,"Upregulated","SLC25A48","solute carrier family 25 member 48 [Source:HGNC Symbol;Acc:HGNC:30451]"
"ENSG00000147206",155.543586380552,2.25510818532821,0.664833579823813,3.39198899358518,0.000693872274156007,0.0265315839566809,"Upregulated","NXF3","nuclear RNA export factor 3 [Source:HGNC Symbol;Acc:HGNC:8073]"
"ENSG00000147465",119.394870339197,2.82771509656173,0.596520089420568,4.74035182839934,2.13347425918933e-06,0.000520392583295547,"Upregulated","STAR","steroidogenic acute regulatory protein [Source:HGNC Symbol;Acc:HGNC:11359]"
"ENSG00000148600",533.971531716692,2.03011101612598,0.599367588607465,3.38708841571267,0.000706386189320349,0.0268467820906228,"Upregulated","CDHR1","cadherin related family member 1 [Source:HGNC Symbol;Acc:HGNC:14550]"
"ENSG00000150625",99.4947461530758,2.65293019280493,0.683754823617969,3.87994365987418,0.000104480663051385,0.00797885624260403,"Upregulated","GPM6A","glycoprotein M6A [Source:HGNC Symbol;Acc:HGNC:4460]"
"ENSG00000151360",10.091371019377,2.32424079341035,0.6984559704586,3.32768405127137,0.000875711214885995,0.030645204559474,"Upregulated","ALLC","allantoicase [Source:HGNC Symbol;Acc:HGNC:17377]"
"ENSG00000152672",36.0121712641415,2.35383854153057,0.512974881846907,4.58860389626845,4.46220208935245e-06,0.00088428199175291,"Upregulated","CLEC4F","C-type lectin domain family 4 member F [Source:HGNC Symbol;Acc:HGNC:25357]"
"ENSG00000154237",4480.48933449829,1.26838548798135,0.345588293461184,3.67022121981634,0.000242340645457337,0.013630985660718,"Upregulated","LRRK1","leucine rich repeat kinase 1 [Source:HGNC Symbol;Acc:HGNC:18608]"
"ENSG00000154330",895.430933444891,2.71797821170584,0.551798008347438,4.92567600931694,8.40691967896157e-07,0.00025922657519515,"Upregulated","PGM5","phosphoglucomutase 5 [Source:HGNC Symbol;Acc:HGNC:8908]"
"ENSG00000156009",13.9326814600868,3.10423445738583,0.882676399816505,3.51684315795817,0.000436711749621291,0.019814349315717,"Upregulated","MAGEA8","MAGE family member A8 [Source:HGNC Symbol;Acc:HGNC:6806]"
"ENSG00000156140",358.614490152934,2.05902644967227,0.50344967314949,4.08983570649945,4.31678853886782e-05,0.00431480836063898,"Upregulated","ADAMTS3","ADAM metallopeptidase with thrombospondin type 1 motif 3 [Source:HGNC Symbol;Acc:HGNC:219]"
"ENSG00000156486",26.5496035469099,2.22449714609584,0.572461205230996,3.88584785443796,0.000101973360026329,0.00787943090416207,"Upregulated","KCNS2","potassium voltage-gated channel modifier subfamily S member 2 [Source:HGNC Symbol;Acc:HGNC:6301]"
"ENSG00000157060",6.78016911668095,3.65295446428429,1.11243000155984,3.28376118871492,0.00102431679858043,0.0333132284195039,"Upregulated","SHCBP1L","SHC binding and spindle associated 1 like [Source:HGNC Symbol;Acc:HGNC:16788]"
"ENSG00000158477",81.9298769571494,3.49933250731078,0.783725564950708,4.46499726920464,8.00697730518948e-06,0.00130854026610059,"Upregulated","CD1A","CD1a molecule [Source:HGNC Symbol;Acc:HGNC:1634]"
"ENSG00000158481",76.7937081428926,2.81304666393393,0.678940999645618,4.1432858899407,3.42364708172303e-05,0.00370883092097236,"Upregulated","CD1C","CD1c molecule [Source:HGNC Symbol;Acc:HGNC:1636]"
"ENSG00000158485",16.988366170736,3.15610442136111,0.957671334609794,3.29560289349903,0.000982107313900989,0.0327218935319611,"Upregulated","CD1B","CD1b molecule [Source:HGNC Symbol;Acc:HGNC:1635]"
"ENSG00000158488",49.8597076416518,3.09980915864824,0.67821410531199,4.57054657868295,4.86453780996929e-06,0.000908556676107694,"Upregulated","CD1E","CD1e molecule [Source:HGNC Symbol;Acc:HGNC:1638]"
"ENSG00000159307",70.3793823120174,1.57952939607152,0.367850618604391,4.2939424760632,1.7552797098586e-05,0.00233872593263234,"Upregulated","SCUBE1","signal peptide, CUB domain and EGF like domain containing 1 [Source:HGNC Symbol;Acc:HGNC:13441]"
"ENSG00000159618",140.717837607206,1.86054835708136,0.566356255887723,3.28512016551328,0.00101938885655818,0.0332522203359324,"Upregulated","ADGRG5","adhesion G protein-coupled receptor G5 [Source:HGNC Symbol;Acc:HGNC:19010]"
"ENSG00000159708",62.1667512315326,1.47579995705072,0.458756486061945,3.21695714804879,0.00129557948011115,0.0382184253677194,"Upregulated","LRRC36","leucine rich repeat containing 36 [Source:HGNC Symbol;Acc:HGNC:25615]"
"ENSG00000160180",465.818008613434,4.32337863739036,0.788912338886601,5.48017621766694,4.24902425750129e-08,2.52751234596031e-05,"Upregulated","TFF3","trefoil factor 3 [Source:HGNC Symbol;Acc:HGNC:11757]"
"ENSG00000160307",147.206303163185,2.34380978569436,0.624606013050079,3.75246113025563,0.000175106988740229,0.0110489805540046,"Upregulated","S100B","S100 calcium binding protein B [Source:HGNC Symbol;Acc:HGNC:10500]"
"ENSG00000160712",3105.81296967327,1.01170032147398,0.312189838903688,3.24065743147422,0.00119254401504021,0.0363852643788964,"Upregulated","IL6R","interleukin 6 receptor [Source:HGNC Symbol;Acc:HGNC:6019]"
"ENSG00000161055",175.499799250794,2.43627292513637,0.677933839214556,3.59367357729038,0.000326048267389706,0.0163109108703358,"Upregulated","SCGB3A1","secretoglobin family 3A member 1 [Source:HGNC Symbol;Acc:HGNC:18384]"
"ENSG00000161905",51.7172803158165,2.36497232957885,0.706665962894674,3.34666228990477,0.000817907869916829,0.0294104703063881,"Upregulated","ALOX15","arachidonate 15-lipoxygenase [Source:HGNC Symbol;Acc:HGNC:433]"
"ENSG00000162873",1227.31649089307,1.85196834254741,0.550009548363769,3.36715671220045,0.000759475168047139,0.0280830952204098,"Upregulated","KLHDC8A","kelch domain containing 8A [Source:HGNC Symbol;Acc:HGNC:25573]"
"ENSG00000163254",10.2588185785183,4.02425144267326,1.08381086858187,3.71305691733731,0.000204770811964504,0.012213383191715,"Upregulated","CRYGC","crystallin gamma C [Source:HGNC Symbol;Acc:HGNC:2410]"
"ENSG00000163440",46.3776663379831,3.20584267770651,0.84429848929199,3.79704893277122,0.000146428893080626,0.00980743518512347,"Upregulated","PDCL2","phosducin like 2 [Source:HGNC Symbol;Acc:HGNC:29524]"
"ENSG00000164056",4398.65915762194,1.31453162642338,0.40357673298467,3.25720369631247,0.00112515659129445,0.0352402164956921,"Upregulated","SPRY1","sprouty RTK signaling antagonist 1 [Source:HGNC Symbol;Acc:HGNC:11269]"
"ENSG00000164120",871.784641660675,2.05677358327322,0.632062733475463,3.25406557663009,0.00113766014893792,0.0353464087148631,"Upregulated","HPGD","15-hydroxyprostaglandin dehydrogenase [Source:HGNC Symbol;Acc:HGNC:5154]"
"ENSG00000164266",22.7548532515103,2.2045047765235,0.692023982016362,3.18559014400078,0.00144459091466326,0.0413113839012966,"Upregulated","SPINK1","serine peptidase inhibitor Kazal type 1 [Source:HGNC Symbol;Acc:HGNC:11244]"
"ENSG00000164379",3034.74294013846,1.55247502897129,0.490371914141458,3.1659134306037,0.0015459679566204,0.0433733585082728,"Upregulated","FOXQ1","forkhead box Q1 [Source:HGNC Symbol;Acc:HGNC:20951]"
"ENSG00000165023",346.447134708806,1.89992669524123,0.610143625179457,3.11390075522369,0.00184631582285485,0.048726872284806,"Upregulated","DIRAS2","DIRAS family GTPase 2 [Source:HGNC Symbol;Acc:HGNC:19323]"
"ENSG00000166292",1137.03171403314,3.00341994532561,0.737476547709433,4.07256333052771,4.6498551234449e-05,0.00453673178238199,"Upregulated","TMEM100","transmembrane protein 100 [Source:HGNC Symbol;Acc:HGNC:25607]"
"ENSG00000166391",94.995006933712,3.24901684944331,0.781546940231863,4.15716149880827,3.22226209220023e-05,0.00355809582714745,"Upregulated","MOGAT2","monoacylglycerol O-acyltransferase 2 [Source:HGNC Symbol;Acc:HGNC:23248]"
"ENSG00000166535",353.423964357664,2.71022904339956,0.717175908065588,3.7790296814484,0.000157440658947606,0.0102305127986133,"Upregulated","A2ML1","alpha-2-macroglobulin like 1 [Source:HGNC Symbol;Acc:HGNC:23336]"
"ENSG00000166825",6876.90983864997,2.41400106652147,0.663709865099414,3.6371330207061,0.000275689573495682,0.0147719896880432,"Upregulated","ANPEP","alanyl aminopeptidase, membrane [Source:HGNC Symbol;Acc:HGNC:500]"
"ENSG00000166917",17.9119126447996,5.74105507505974,1.06615978867408,5.38479797873407,7.25260604743146e-08,3.85263390231926e-05,"Upregulated","MIR202HG","MIR202 host gene [Source:HGNC Symbol;Acc:HGNC:49402]"
"ENSG00000167210",36.4097716784161,1.99092025088442,0.614785954325374,3.23839579755709,0.00120203922190774,0.0364900768854865,"Upregulated","LOXHD1","lipoxygenase homology PLAT domains 1 [Source:HGNC Symbol;Acc:HGNC:26521]"
"ENSG00000167941",29.4521286476553,2.68849481450002,0.768605830883219,3.49788501007157,0.000468963282141552,0.020492065343311,"Upregulated","SOST","sclerostin [Source:HGNC Symbol;Acc:HGNC:13771]"
"ENSG00000168685",885.936928943294,1.92202704872162,0.586979667177231,3.27443548081417,0.00105873312986719,0.0339986425674293,"Upregulated","IL7R","interleukin 7 receptor [Source:HGNC Symbol;Acc:HGNC:6024]"
"ENSG00000168878",180.449629176401,2.69542939484562,0.733063973257691,3.67693611086533,0.000236052130789626,0.0133628656381726,"Upregulated","SFTPB","surfactant protein B [Source:HGNC Symbol;Acc:HGNC:10801]"
"ENSG00000169783",2127.27480810126,1.72534683627754,0.55439830499559,3.11210698288709,0.00185757168868649,0.0489240375863964,"Upregulated","LINGO1","leucine rich repeat and Ig domain containing 1 [Source:HGNC Symbol;Acc:HGNC:21205]"
"ENSG00000170323",99.2249409332601,3.86389691629415,0.963385434158703,4.01074874011187,6.05264962538192e-05,0.00548432176849944,"Upregulated","FABP4","fatty acid binding protein 4 [Source:HGNC Symbol;Acc:HGNC:3559]"
"ENSG00000170345",22532.9440023353,1.97948422156335,0.540152339395825,3.66467767922186,0.00024765026683375,0.0138841320265199,"Upregulated","FOS","Fos proto-oncogene, AP-1 transcription factor subunit [Source:HGNC Symbol;Acc:HGNC:3796]"
"ENSG00000170369",89.2438458364381,2.21948529993042,0.67098449329277,3.30780416256504,0.000940305396190044,0.0319294832451607,"Upregulated","CST2","cystatin SA [Source:HGNC Symbol;Acc:HGNC:2474]"
"ENSG00000170373",155.210763802451,2.13215462947883,0.641665981807131,3.32284193011763,0.000891053912763857,0.0309501563641728,"Upregulated","CST1","cystatin SN [Source:HGNC Symbol;Acc:HGNC:2473]"
"ENSG00000170891",68.3498833534447,1.69613181466757,0.494420014390461,3.4305484513175,0.000602362388394431,0.0240100178837463,"Upregulated","CYTL1","cytokine like 1 [Source:HGNC Symbol;Acc:HGNC:24435]"
"ENSG00000173376",130.409435059716,2.26876462168953,0.678616492825537,3.34322057550228,0.000828120468169469,0.0295971385978061,"Upregulated","NDNF","neuron derived neurotrophic factor [Source:HGNC Symbol;Acc:HGNC:26256]"
"ENSG00000173421",22.3715720445889,2.23468963049351,0.487603977340623,4.5830012353087,4.58349331435856e-06,0.00088428199175291,"Upregulated","IHO1","interactor of HORMAD1 1 [Source:HGNC Symbol;Acc:HGNC:27945]"
"ENSG00000173432",4036.10773031461,2.73360976605753,0.752119870102146,3.63454001778504,0.000278477032376333,0.014896926028184,"Upregulated","SAA1","serum amyloid A1 [Source:HGNC Symbol;Acc:HGNC:10513]"
"ENSG00000173597",28.5864517479522,1.80590913195479,0.510792304345353,3.53550575565012,0.000406995378907378,0.0189496352700679,"Upregulated","SULT1B1","sulfotransferase family 1B member 1 [Source:HGNC Symbol;Acc:HGNC:17845]"
"ENSG00000173626",25.9406307505253,3.02388398302843,0.790204202654098,3.82671209906497,0.000129866254578024,0.00911125580814054,"Upregulated","TRAPPC3L","trafficking protein particle complex subunit 3L [Source:HGNC Symbol;Acc:HGNC:21090]"
"ENSG00000174514",270.288987754389,1.07016243769262,0.343152494816678,3.11862059538378,0.00181699767665974,0.0483226762096205,"Upregulated","MFSD4A","major facilitator superfamily domain containing 4A [Source:HGNC Symbol;Acc:HGNC:25433]"
"ENSG00000174876",2223.28201588871,3.43242640640034,0.694464159073632,4.94255371073284,7.71058531760901e-07,0.000257798206335485,"Upregulated","AMY1B","amylase alpha 1B [Source:HGNC Symbol;Acc:HGNC:475]"
"ENSG00000175946",39.5080696262719,2.21754516803252,0.645191638129111,3.43703333549522,0.000588123215197985,0.0237025983831642,"Upregulated","KLHL38","kelch like family member 38 [Source:HGNC Symbol;Acc:HGNC:34435]"
"ENSG00000176076",17.6452444473948,2.14540977278212,0.456106191260518,4.70375060433395,2.55425230814444e-06,0.000592097423345398,"Upregulated","KCNE5","potassium voltage-gated channel subfamily E regulatory subunit 5 [Source:HGNC Symbol;Acc:HGNC:6241]"
"ENSG00000176769",19.5252547418957,2.7227953273763,0.781607264165221,3.48358498213847,0.000494746023044198,0.0211659342450257,"Upregulated","TCERG1L","transcription elongation regulator 1 like [Source:HGNC Symbol;Acc:HGNC:23533]"
"ENSG00000176907",3405.06538624054,1.55870404610123,0.484098893427302,3.21980501766072,0.00128277813948798,0.0379435325693799,"Upregulated","TCIM","transcriptional and immune response regulator [Source:HGNC Symbol;Acc:HGNC:1357]"
"ENSG00000179097",31.5266761709074,2.05942848501736,0.614798074490257,3.34976404525157,0.000808804264781395,0.0292482233040281,"Upregulated","HTR1F","5-hydroxytryptamine receptor 1F [Source:HGNC Symbol;Acc:HGNC:5292]"
"ENSG00000179639",65.4678608402547,3.2966222154941,0.764407191095618,4.31265201831641,1.61307897559673e-05,0.00220600361160582,"Upregulated","FCER1A","Fc epsilon receptor Ia [Source:HGNC Symbol;Acc:HGNC:3609]"
"ENSG00000179909",196.352927145217,1.7029265354509,0.406961016000293,4.18449548850564,2.85800122813514e-05,0.00331254504048216,"Upregulated","ZNF154","zinc finger protein 154 [Source:HGNC Symbol;Acc:HGNC:12939]"
"ENSG00000182333",20.5343384511492,3.83654319441075,1.09540881574542,3.50238480763003,0.000461113124313187,0.0202846332007759,"Upregulated","LIPF","lipase F, gastric type [Source:HGNC Symbol;Acc:HGNC:6622]"
"ENSG00000183798",67.0698223303005,1.88880276599201,0.572328685130563,3.30020635880084,0.000966137592263941,0.0323547204950276,"Upregulated","EMILIN3","elastin microfibril interfacer 3 [Source:HGNC Symbol;Acc:HGNC:16123]"
"ENSG00000183908",1455.09953667178,2.4702627306702,0.762957596749109,3.23774576882878,0.00120478118514884,0.036529010238024,"Upregulated","LRRC55","leucine rich repeat containing 55 [Source:HGNC Symbol;Acc:HGNC:32324]"
"ENSG00000184344",14.7932615666058,2.03692726555076,0.619844901000075,3.28618862922696,0.00101552979583484,0.0332522203359324,"Upregulated","GDF3","growth differentiation factor 3 [Source:HGNC Symbol;Acc:HGNC:4218]"
"ENSG00000184905",286.615654716046,1.73376012391867,0.504363589203362,3.43752039408143,0.000587066508642975,0.0236892207839452,"Upregulated","TCEAL2","transcription elongation factor A like 2 [Source:HGNC Symbol;Acc:HGNC:29818]"
"ENSG00000184956",253.814709810617,2.68478852944397,0.707955837768903,3.79231074342856,0.000149251988618599,0.00990533842051785,"Upregulated","MUC6","mucin 6, oligomeric mucus/gel-forming [Source:HGNC Symbol;Acc:HGNC:7517]"
"ENSG00000185269",228.774537159265,2.20505288179944,0.610696691051847,3.61071693052982,0.000305351783408426,0.0156188154001634,"Upregulated","NOTUM","notum, palmitoleoyl-protein carboxylesterase [Source:HGNC Symbol;Acc:HGNC:27106]"
"ENSG00000185652",488.488745760167,2.1816203654536,0.700444844451559,3.11462120498836,0.00184181268795112,0.0486709003743717,"Upregulated","NTF3","neurotrophin 3 [Source:HGNC Symbol;Acc:HGNC:8023]"
"ENSG00000186190",75.8538512331773,4.34941738114695,1.00614117730641,4.32286987079782,1.54012582168895e-05,0.0021420856375278,"Upregulated","BPIFB3","BPI fold containing family B member 3 [Source:HGNC Symbol;Acc:HGNC:16178]"
"ENSG00000186281",244.981987070269,2.84633729623565,0.731399280527529,3.89163261711537,9.95719390335713e-05,0.00775435717770208,"Upregulated","GPAT2","glycerol-3-phosphate acyltransferase 2, mitochondrial [Source:HGNC Symbol;Acc:HGNC:27168]"
"ENSG00000186479",70.5481750401329,2.36164305401051,0.710182151867412,3.32540468357394,0.000882902827771419,0.0307584133721146,"Upregulated","RGS7BP","regulator of G protein signaling 7 binding protein [Source:HGNC Symbol;Acc:HGNC:23271]"
"ENSG00000186847",2172.31306412511,3.19991350865106,0.78672809744823,4.06736904278626,4.75469128235371e-05,0.00461148618883475,"Upregulated","KRT14","keratin 14 [Source:HGNC Symbol;Acc:HGNC:6416]"
"ENSG00000186895",6.47211757295986,3.56146761963398,0.987618483299912,3.6061168152039,0.000310813262969329,0.0157259001550349,"Upregulated","FGF3","fibroblast growth factor 3 [Source:HGNC Symbol;Acc:HGNC:3681]"
"ENSG00000187268",39.4074172599114,5.77831719276175,1.03539538836777,5.58078320386466,2.39437940127436e-08,1.63042272355526e-05,"Upregulated","FAM9C","family with sequence similarity 9 member C [Source:HGNC Symbol;Acc:HGNC:18405]"
"ENSG00000187733",2281.38760693779,3.37311165457095,0.674973783107153,4.99739654930489,5.81094940765853e-07,0.000205130317320232,"Upregulated","AMY1C","amylase alpha 1C [Source:HGNC Symbol;Acc:HGNC:476]"
"ENSG00000188257",85.3507723116866,3.09543230987098,0.779082213475037,3.97317799884564,7.09200104208883e-05,0.00616494824629451,"Upregulated","PLA2G2A","phospholipase A2 group IIA [Source:HGNC Symbol;Acc:HGNC:9031]"
"ENSG00000189184",650.013604922181,1.81866488428281,0.515441522653133,3.52836316896161,0.000418138058979465,0.0192762234947021,"Upregulated","PCDH18","protocadherin 18 [Source:HGNC Symbol;Acc:HGNC:14268]"
"ENSG00000196104",116.946962717933,2.86863403170789,0.655551980885453,4.37590628257004,1.20928967160962e-05,0.0018048234208475,"Upregulated","SPOCK3","SPARC (osteonectin), cwcv and kazal like domains proteoglycan 3 [Source:HGNC Symbol;Acc:HGNC:13565]"
"ENSG00000196188",549.514861953815,2.62985911006328,0.799334658875004,3.29006015298347,0.00100165967129391,0.0330032725365339,"Upregulated","CTSE","cathepsin E [Source:HGNC Symbol;Acc:HGNC:2530]"
"ENSG00000196277",28.7045936049049,1.93507855897622,0.594225236973012,3.25647320001677,0.00112805579084693,0.035241270427383,"Upregulated","GRM7","glutamate metabotropic receptor 7 [Source:HGNC Symbol;Acc:HGNC:4599]"
"ENSG00000196338",234.902664975567,1.52290463085184,0.453938270835049,3.3548716393759,0.000794018186623245,0.0289897607180371,"Upregulated","NLGN3","neuroligin 3 [Source:HGNC Symbol;Acc:HGNC:14289]"
"ENSG00000196421",1736.33849202842,2.84775746948095,0.57738978717459,4.93212303497126,8.13406529103208e-07,0.000257798206335485,"Upregulated","C20orf204","chromosome 20 open reading frame 204 [Source:HGNC Symbol;Acc:HGNC:27655]"
"ENSG00000196616",98.7488933301889,2.54631436624486,0.772106504440338,3.29787969872182,0.000974178624798065,0.0325720682136511,"Upregulated","ADH1B","alcohol dehydrogenase 1B (class I), beta polypeptide [Source:HGNC Symbol;Acc:HGNC:250]"
"ENSG00000197353",170.074865833284,3.09270014180154,0.894759044495941,3.45646144716403,0.000547317493388703,0.0228468355956702,"Upregulated","LYPD2","LY6/PLAUR domain containing 2 [Source:HGNC Symbol;Acc:HGNC:25215]"
"ENSG00000197446",50.6085581617557,2.83428128031001,0.787841778831391,3.59752599629091,0.000321258395565575,0.0161543548600936,"Upregulated","CYP2F1","cytochrome P450 family 2 subfamily F member 1 [Source:HGNC Symbol;Acc:HGNC:2632]"
"ENSG00000197745",29.5289692824401,3.43030244428494,0.920737916104781,3.72560137286077,0.000194850124669888,0.0117938450459913,"Upregulated","SCGB1D4","secretoglobin family 1D member 4 [Source:HGNC Symbol;Acc:HGNC:31748]"
"ENSG00000198483",217.88060499158,2.41323537436452,0.673127629662045,3.58510818457434,0.000336938505343743,0.0165855949505425,"Upregulated","ANKRD35","ankyrin repeat domain 35 [Source:HGNC Symbol;Acc:HGNC:26323]"
"ENSG00000198643",41.3174813290574,2.5346815979197,0.622254803114523,4.07338213418853,4.63353057271703e-05,0.00453433972363042,"Upregulated","FAM3D","FAM3 metabolism regulating signaling molecule D [Source:HGNC Symbol;Acc:HGNC:18665]"
"ENSG00000198848",220.610443798018,2.41972634356981,0.638452152213079,3.78998854523752,0.000150654231974825,0.00993239887549725,"Upregulated","CES1","carboxylesterase 1 [Source:HGNC Symbol;Acc:HGNC:1863]"
"ENSG00000198932",405.27462271751,1.55513257655566,0.475526900455702,3.27033565307317,0.00107419940777256,0.0343077793305631,"Upregulated","GPRASP1","G protein-coupled receptor associated sorting protein 1 [Source:HGNC Symbol;Acc:HGNC:24834]"
"ENSG00000199396",83.4371457608931,2.15831841950642,0.671016308948791,3.21649174650855,0.00129768266162998,0.0382297691398841,"Upregulated","RNA5S5","RNA, 5S ribosomal 5 [Source:HGNC Symbol;Acc:HGNC:34366]"
"ENSG00000199568",71.7618886563865,2.43539145971911,0.709757489909089,3.43130082365323,0.000600694066452481,0.0240020605892413,"Upregulated","RNU5A-1","RNA, U5A small nuclear 1 [Source:HGNC Symbol;Acc:HGNC:10211]"
"ENSG00000200156",71.1365028052774,2.33940269229755,0.671690971576098,3.48285564536952,0.000496095790877752,0.0211712669760774,"Upregulated","RNU5B-1","RNA, U5B small nuclear 1 [Source:HGNC Symbol;Acc:HGNC:10212]"
"ENSG00000200312",10.6977059146709,2.63116591478794,0.770723531482964,3.41389072385692,0.000640422566173978,0.0250385305925795,"Upregulated","RN7SKP255","RN7SK pseudogene 255 [Source:HGNC Symbol;Acc:HGNC:45979]"
"ENSG00000200488",95.0521925330223,2.46175029293704,0.669561706663544,3.67665932570137,0.000236308286335132,0.0133628656381726,"Upregulated","RN7SKP203","RN7SK pseudogene 203 [Source:HGNC Symbol;Acc:HGNC:45927]"
"ENSG00000200795",57.4902914938076,2.89096964300663,0.65734874574971,4.39792372268006,1.09291372701979e-05,0.00167708381068741,"Upregulated","RNU4-1","RNA, U4 small nuclear 1 [Source:HGNC Symbol;Acc:HGNC:10192]"
"ENSG00000201315",17.2152673987694,2.73041332748166,0.774877652389132,3.52367024531311,0.000425613575940234,0.0195107710092658,"Upregulated","RN7SKP227","RN7SK pseudogene 227 [Source:HGNC Symbol;Acc:HGNC:45951]"
"ENSG00000201321",16.8456378388249,2.43585337918522,0.714718600130327,3.40812926757614,0.00065409900159155,0.0254352781587752,"Upregulated","RNA5S9","RNA, 5S ribosomal 9 [Source:HGNC Symbol;Acc:HGNC:34370]"
"ENSG00000201428",54.9135690665529,2.67342435924255,0.642815354918532,4.15893045924731,3.1974121579714e-05,0.00355467402664269,"Upregulated","RN7SKP71","RN7SK pseudogene 71 [Source:HGNC Symbol;Acc:HGNC:45795]"
"ENSG00000202058",46.3121216229645,1.67169064005029,0.46862462945561,3.56722744596726,0.000360778316587132,0.0173667736047871,"Upregulated","RN7SKP80","RN7SK pseudogene 80 [Source:HGNC Symbol;Acc:HGNC:45804]"
"ENSG00000202521",78.0944543987089,2.03936513555545,0.63138676806191,3.22997762815878,0.00123799904915238,0.0370889082690611,"Upregulated","RNA5S7","RNA, 5S ribosomal 7 [Source:HGNC Symbol;Acc:HGNC:34368]"
"ENSG00000202538",194.59602256294,2.37487193775349,0.658215087601889,3.60804846696235,0.000308508866805434,0.0157065612329215,"Upregulated","RNU4-2","RNA, U4 small nuclear 2 [Source:HGNC Symbol;Acc:HGNC:10193]"
"ENSG00000203859",19.1511979551922,3.81657481190436,0.907690886162176,4.20470764892362,2.61419839651154e-05,0.00314136303639631,"Upregulated","HSD3B2","hydroxy-delta-5-steroid dehydrogenase, 3 beta- and steroid delta-isomerase 2 [Source:HGNC Symbol;Acc:HGNC:5218]"
"ENSG00000204814",9.9506917981311,3.44429401242739,0.886653609324954,3.8845993251521,0.000102498783858753,0.00788968620062624,"Upregulated","","novel transcript"
"ENSG00000204983",568.39102207864,1.91809206877448,0.593516215902176,3.23174332458445,0.00123037520570816,0.0370213862001096,"Upregulated","PRSS1","serine protease 1 [Source:HGNC Symbol;Acc:HGNC:9475]"
"ENSG00000205143",44.4979302356655,2.73095783573267,0.607361010372105,4.49643258143872,6.91030768713758e-06,0.00116424436471181,"Upregulated","ARID3C","AT-rich interaction domain 3C [Source:HGNC Symbol;Acc:HGNC:21209]"
"ENSG00000205502",296.156685623448,1.60232452147962,0.485231023796317,3.30218894279155,0.000959334252575582,0.0322590946969474,"Upregulated","C2CD4B","C2 calcium dependent domain containing 4B [Source:HGNC Symbol;Acc:HGNC:33628]"
"ENSG00000205549",12.4500926158685,2.49709192648205,0.681750260345679,3.66276637021877,0.000249506083089426,0.0139136646341642,"Upregulated","LINC03041","long intergenic non-protein coding RNA 3041 [Source:HGNC Symbol;Acc:HGNC:19054]"
"ENSG00000205837",15.1355555029991,1.89161629225418,0.582867106710267,3.2453646302509,0.00117300319855086,0.0359996333752441,"Upregulated","LINC00487","long intergenic non-protein coding RNA 487 [Source:HGNC Symbol;Acc:HGNC:42947]"
"ENSG00000206172",167.271876513648,1.78650263095057,0.560050144516119,3.1898976340665,0.00142323196496675,0.0409492401187836,"Upregulated","HBA1","hemoglobin subunit alpha 1 [Source:HGNC Symbol;Acc:HGNC:4823]"
"ENSG00000206585",366.803747510792,2.31559080026364,0.711462078156872,3.25469321746909,0.00113514914094016,0.035344361877879,"Upregulated","RNVU1-7","RNA, variant U1 small nuclear 7 [Source:HGNC Symbol;Acc:HGNC:37500]"
"ENSG00000206588",363.738505466839,2.29635029955864,0.70103467993381,3.27565863043388,0.00105415895140341,0.0339125839828941,"Upregulated","RNU1-28P","RNA, U1 small nuclear 28, pseudogene [Source:HGNC Symbol;Acc:HGNC:37498]"
"ENSG00000206596",375.481668984676,2.29818124607112,0.702187341474319,3.27288902879656,0.00106454263795926,0.0341458058112841,"Upregulated","RNU1-27P","RNA, U1 small nuclear 27, pseudogene [Source:HGNC Symbol;Acc:HGNC:37497]"
"ENSG00000206652",363.847738902874,2.25372875316759,0.678768611010982,3.3203196444379,0.000899144348808657,0.0310561859938367,"Upregulated","RNU1-1","RNA, U1 small nuclear 1 [Source:HGNC Symbol;Acc:HGNC:10120]"
"ENSG00000206737",365.34119548923,2.33204579982949,0.705221358971885,3.30682809044423,0.000943587798413401,0.0319294832451607,"Upregulated","RNVU1-18","RNA, variant U1 small nuclear 18 [Source:HGNC Symbol;Acc:HGNC:37496]"
"ENSG00000207005",374.980483551683,2.28424597650626,0.703095887717605,3.24883990421477,0.00115876674998387,0.0356631744098142,"Upregulated","RNU1-2","RNA, U1 small nuclear 2 [Source:HGNC Symbol;Acc:HGNC:10123]"
"ENSG00000207389",377.870331805303,2.29298926442055,0.700280447410707,3.27438710148041,0.0010589144296663,0.0339986425674293,"Upregulated","RNU1-4","RNA, U1 small nuclear 4 [Source:HGNC Symbol;Acc:HGNC:10128]"
"ENSG00000207513",360.159692174026,2.38206000962225,0.715588638913412,3.3288119459796,0.000872172725548416,0.0305743842945951,"Upregulated","RNU1-3","RNA, U1 small nuclear 3 [Source:HGNC Symbol;Acc:HGNC:10130]"
"ENSG00000211649",166.628618556952,3.04618799833141,0.822031780194715,3.70568154628993,0.000210823055338149,0.0125059012045869,"Upregulated","IGLV7-46","immunoglobulin lambda variable 7-46 [Source:HGNC Symbol;Acc:HGNC:5930]"
"ENSG00000211899",7142.25505206981,3.61071911545531,0.913500548718827,3.95261844179437,7.73006454860128e-05,0.00656252363041643,"Upregulated","IGHM","immunoglobulin heavy constant mu [Source:HGNC Symbol;Acc:HGNC:5541]"
"ENSG00000211959",480.738380492102,2.34185826039913,0.751899237843426,3.11459054954753,0.0018420040924919,0.0486709003743717,"Upregulated","IGHV4-39","immunoglobulin heavy variable 4-39 [Source:HGNC Symbol;Acc:HGNC:5651]"
"ENSG00000212464",11.2771671731264,1.86431917265442,0.594510530579544,3.13588923452211,0.00171333900992284,0.046383344129656,"Upregulated","SNORA12","small nucleolar RNA, H/ACA box 12 [Source:HGNC Symbol;Acc:HGNC:32600]"
"ENSG00000213886",164.670760546333,2.50676297822969,0.748789457156648,3.34775410400212,0.000814692624471502,0.0293585759987332,"Upregulated","UBD","ubiquitin D [Source:HGNC Symbol;Acc:HGNC:18795]"
"ENSG00000214266",8.76652236694846,4.35886607390562,0.999592990934291,4.36064089428189,1.29682046563761e-05,0.00190435001434993,"Upregulated","STARP1","steroidogenic acute regulatory protein pseudogene 1 [Source:HGNC Symbol;Acc:HGNC:11360]"
"ENSG00000214897",21.7268988954523,2.4000077109909,0.618672252993531,3.87928778020693,0.000104762754822828,0.007981169409886,"Upregulated","PNMA6E","PNMA family member 6E [Source:HGNC Symbol;Acc:HGNC:50767]"
"ENSG00000215182",54.597652950654,3.56455852199885,0.745867328343948,4.77907851241219,1.76100423370711e-06,0.00045321593211588,"Upregulated","MUC5AC","mucin 5AC, oligomeric mucus/gel-forming [Source:HGNC Symbol;Acc:HGNC:7515]"
"ENSG00000224958",13.8145176572042,3.32321277780956,0.790554394868663,4.20364847679034,2.62646727554602e-05,0.00314454516121691,"Upregulated","PGM5-AS1","PGM5 antisense RNA 1 [Source:HGNC Symbol;Acc:HGNC:44181]"
"ENSG00000225176",6.80389717726935,1.25812696704129,0.357917885641309,3.51512740076402,0.000439543071148701,0.0198706297102286,"Upregulated","ATP5MGP4","ATP synthase membrane subunit g pseudogene 4 [Source:HGNC Symbol;Acc:HGNC:38165]"
"ENSG00000225840",19.0594393839637,2.01211510262666,0.53421073029663,3.76651944357125,0.000165539197441674,0.0106929815580654,"Upregulated","","RNA, 18S ribosomal pseudogene"
"ENSG00000226051",117.695899676649,1.99726242210375,0.603980688090063,3.30683159492994,0.000943575994325533,0.0319294832451607,"Upregulated","ZNF503-AS1","ZNF503 antisense RNA 1 [Source:HGNC Symbol;Acc:HGNC:27370]"
"ENSG00000226186",17.0146057729543,2.08635633790974,0.669085180570868,3.11822231084187,0.00181945506516948,0.0483486900854184,"Upregulated","ELOCP21","elongin C pseudogene 21 [Source:HGNC Symbol;Acc:HGNC:38157]"
"ENSG00000226235",58.3008696741967,1.83126257192019,0.489043566519629,3.7445796188522,0.000180696069864331,0.0112207177430451,"Upregulated","LEMD1-AS1","LEMD1 antisense RNA 1 [Source:HGNC Symbol;Acc:HGNC:44132]"
"ENSG00000227408",248.528104674077,2.30812692601795,0.616008798305602,3.74690577856469,0.000179029293571197,0.0111884750676378,"Upregulated","AMYP1","amylase alpha pseudogene 1 [Source:HGNC Symbol;Acc:HGNC:479]"
"ENSG00000227579",18.7974603377475,2.69504656849176,0.767041266038544,3.51356137905146,0.000442142249309883,0.019905536389385,"Upregulated","","novel transcript"
"ENSG00000227706",65.1613675244651,3.17762220341654,0.943593752610809,3.36757444040346,0.000758325510343255,0.0280830952204098,"Upregulated","","novel transcript"
"ENSG00000228013",29.1940576586537,1.62300515995082,0.412044363277091,3.93890877924565,8.18530413784883e-05,0.00677308014545795,"Upregulated","IL6R-AS1","IL6R antisense RNA 1 [Source:HGNC Symbol;Acc:HGNC:53716]"
"ENSG00000228216",3.88684377065346,2.40570600696617,0.671792813505953,3.58102373023502,0.000342250564085943,0.0166962084882821,"Upregulated",NA,NA
"ENSG00000228496",4.54541258542528,3.00565378562488,0.95110494048451,3.16017051083106,0.00157676832957389,0.044086118778548,"Upregulated","","novel transcript"
"ENSG00000228610",12.9573311936832,3.36046482142267,0.939051921958482,3.57857190091693,0.000345476828990787,0.0167784697705258,"Upregulated","PDCL2P1","PDCL2 pseudogene 1 [Source:HGNC Symbol;Acc:HGNC:50340]"
"ENSG00000228709",9.49304648971788,2.39377009977018,0.766774827224526,3.12186839575165,0.00179707252438379,0.0480353873683594,"Upregulated","LINC02575","long intergenic non-protein coding RNA 2575 [Source:HGNC Symbol;Acc:HGNC:53747]"
"ENSG00000229183",290.375318875078,2.939134738313,0.759725965973679,3.8686774836584,0.000109427269612117,0.0082180238354847,"Upregulated","PGA4","pepsinogen A4 [Source:HGNC Symbol;Acc:HGNC:8886]"
"ENSG00000229321",34.7638598427107,1.1146197761701,0.341295721894434,3.26584748845713,0.00109137011116634,0.0345988672002635,"Upregulated","","novel transcript"
"ENSG00000229859",268.302575841624,2.75440864927334,0.744875463256649,3.69781095651999,0.00021746674218324,0.0127153854530576,"Upregulated","PGA3","pepsinogen A3 [Source:HGNC Symbol;Acc:HGNC:8885]"
"ENSG00000230535",40.130017595046,2.96472348946885,0.652132377703225,4.54619888665925,5.46234230142927e-06,0.000978063676234979,"Upregulated","BASP1P1","BASP1 pseudogene 1 [Source:HGNC Symbol;Acc:HGNC:39418]"
"ENSG00000233760",11.2139995944695,2.80520624207656,0.891824383614241,3.14546932514682,0.00165820583038018,0.0454184677360806,"Upregulated","LINC03095","long intergenic non-protein coding RNA 3095 [Source:HGNC Symbol;Acc:HGNC:56738]"
"ENSG00000234026",6.96356067504099,2.70038043458607,0.8496527247738,3.17821664763681,0.00148183979867067,0.0420068810230277,"Upregulated","","novel transcript, antisense to C10orf129"
"ENSG00000234117",6.05592245187687,3.67387768898816,1.11867055894004,3.2841462212693,0.00102291835396916,0.0333009504222431,"Upregulated","","novel transcript, antisense to BET3L"
"ENSG00000234685",148.261728830978,2.47503707944431,0.660000902206193,3.75005105473488,0.000176798570489755,0.0110760929553861,"Upregulated","NUS1P2","NUS1 pseudogene 2 [Source:HGNC Symbol;Acc:HGNC:38473]"
"ENSG00000235725",66.9506397300316,2.71352350971806,0.817433973298316,3.31956292294666,0.000901584839439873,0.0310561859938367,"Upregulated","LINC03050","long intergenic non-protein coding RNA 3050 [Source:HGNC Symbol;Acc:HGNC:56283]"
"ENSG00000236028",24.1568679096283,4.02611567079005,1.02247357819367,3.93762318817345,8.22926871404813e-05,0.006777502446063,"Upregulated","EYA2-AS1","EYA2 antisense RNA 1 [Source:HGNC Symbol;Acc:HGNC:56333]"
"ENSG00000236941",22.5770517186677,3.69190222656809,0.982893750576421,3.75615596742065,0.000172543186210813,0.0109294070567838,"Upregulated","","novel pseudogene containing zinc finger domains"
"ENSG00000237009",15.2938615908338,2.04399813350169,0.576654495505656,3.54458024593972,0.000393238782038248,0.0184669678030462,"Upregulated","GLIS3-AS1","GLIS3 antisense RNA 1 [Source:HGNC Symbol;Acc:HGNC:28260]"
"ENSG00000237087",5.61190282305595,4.76043881981129,1.10670952778387,4.30143474895698,1.69695747096816e-05,0.00229194441895018,"Upregulated","","novel transcript"
"ENSG00000237763",2194.68106636175,3.46053268798372,0.689061998522352,5.02209190958812,5.11117129380801e-07,0.000187706330042826,"Upregulated","AMY1A","amylase alpha 1A [Source:HGNC Symbol;Acc:HGNC:474]"
"ENSG00000237807",435.101683156754,1.64359134814192,0.47210959276306,3.48137672552397,0.000498843342958949,0.0212567829035104,"Upregulated","LINC02984","long intergenic non-protein coding RNA 2984 [Source:HGNC Symbol;Acc:HGNC:56063]"
"ENSG00000237988",682.199576067189,2.70206210895189,0.774047656705801,3.49082137972144,0.000481538074960007,0.020818878280513,"Upregulated","OR2I1P","olfactory receptor family 2 subfamily I member 1 pseudogene [Source:HGNC Symbol;Acc:HGNC:8258]"
"ENSG00000238266",124.197251086439,1.73380480375595,0.53968576200938,3.21261913099315,0.00131530586746117,0.0386422530786235,"Upregulated",NA,NA
"ENSG00000239268",8.51528429175696,3.41826898632607,1.08445827662555,3.15205209827205,0.00162127343400507,0.0447940170671647,"Upregulated","LINC03051","long intergenic non-protein coding RNA 3051 [Source:HGNC Symbol;Acc:HGNC:56330]"
"ENSG00000239445",128.775334250208,1.36373877768129,0.380369435556962,3.5853006319617,0.000336690129915741,0.0165855949505425,"Upregulated","ST3GAL6-AS1","ST3GAL6 antisense RNA 1 [Source:HGNC Symbol;Acc:HGNC:40828]"
"ENSG00000240401",56.0861091773503,1.25549017496521,0.38215876583331,3.285258084366,0.00101888996156995,0.0332522203359324,"Upregulated",NA,NA
"ENSG00000240563",141.410638183781,4.50344527966347,0.835272599497922,5.39158746781646,6.98379505162171e-08,3.80442235437093e-05,"Upregulated","L1TD1","LINE1 type transposase domain containing 1 [Source:HGNC Symbol;Acc:HGNC:25595]"
"ENSG00000241186",32.4810538817866,3.75870544880582,0.788341073769407,4.7678670741254,1.86186556155165e-06,0.000461177436434606,"Upregulated","CRIPTO","cripto, EGF-CFC family member [Source:HGNC Symbol;Acc:HGNC:11701]"
"ENSG00000242498",2796.19382141533,1.03837606296701,0.26436721845891,3.92777920432068,8.57338638429078e-05,0.00693511545543175,"Upregulated","ARPIN","actin related protein 2/3 complex inhibitor [Source:HGNC Symbol;Acc:HGNC:28782]"
"ENSG00000243709",39.2557186634188,1.99611754866172,0.639358297052116,3.12206404118817,0.00179587868301363,0.0480353873683594,"Upregulated","LEFTY1","left-right determination factor 1 [Source:HGNC Symbol;Acc:HGNC:6552]"
"ENSG00000243978",19.4301521186254,2.71221496867505,0.715236216714481,3.79205485585436,0.000149405899994349,0.00990533842051785,"Upregulated","RTL9","retrotransposon Gag like 9 [Source:HGNC Symbol;Acc:HGNC:29245]"
"ENSG00000246820",8.25090083910318,3.21100182011614,1.01675413929488,3.15809072815084,0.00158806124772432,0.044288209796817,"Upregulated","RIC3-DT","RIC3 divergent transcript [Source:HGNC Symbol;Acc:HGNC:54191]"
"ENSG00000248174",15.7315789449102,2.90766329282242,0.887382737340283,3.2766732667546,0.00105037842626283,0.0338571025903932,"Upregulated","LINC02268","long intergenic non-protein coding RNA 2268 [Source:HGNC Symbol;Acc:HGNC:53183]"
"ENSG00000248635",5.4744268008832,3.81499209879881,1.11676140581347,3.41612100753061,0.000635200138371042,0.0249552364938029,"Upregulated","","pseudogene similar to part of UDP glucuronosyltransferase 2 family protein"
"ENSG00000249948",33.3685000126646,2.65891619779581,0.749638837746559,3.54692961985348,0.00038974869582561,0.0183558157392796,"Upregulated","GBA3","glucosylceramidase beta 3 (gene/pseudogene) [Source:HGNC Symbol;Acc:HGNC:19069]"
"ENSG00000250366",576.93223307506,3.74300370363438,0.998156058026528,3.74991833545021,0.000176892168355868,0.0110760929553861,"Upregulated","TUNAR","TCL1 upstream neural differentiation-associated RNA [Source:HGNC Symbol;Acc:HGNC:44088]"
"ENSG00000250579",20.2192200096433,3.30931581971091,0.83776504937527,3.95017173631044,7.80951381041274e-05,0.00658092429288654,"Upregulated","ADAMTS16-DT","ADAMTS16 divergent transcript [Source:HGNC Symbol;Acc:HGNC:55548]"
"ENSG00000250947",3.46629664996933,3.41872764592802,0.987558021819913,3.46179927699625,0.000536577175519207,0.0225135108881197,"Upregulated","TRPC7-AS2","TRPC7 antisense RNA 2 [Source:HGNC Symbol;Acc:HGNC:40937]"
"ENSG00000251189",3.19454788788298,1.95805654508217,0.624360821992245,3.13609771163139,0.00171212149676966,0.046383344129656,"Upregulated","","novel transcript"
"ENSG00000251443",9.08900587890032,3.41299644964046,1.03817649749261,3.28749153721308,0.00101084227220593,0.0331720679388062,"Upregulated","LINC02160","long intergenic non-protein coding RNA 2160 [Source:HGNC Symbol;Acc:HGNC:53021]"
"ENSG00000254912",15.9492622106514,1.38953254187046,0.432184011802807,3.21514101383384,0.00130380457266387,0.03835720293206,"Upregulated","MPHOSPH10P2","MPHOSPH10 pseudogene 2 [Source:HGNC Symbol;Acc:HGNC:55688]"
"ENSG00000255216",103.35648875704,2.38310870779204,0.756245958410768,3.15123496699418,0.00162581640036648,0.0448287930205175,"Upregulated","","novel transcript"
"ENSG00000256906",11.1483721199562,2.04361021360709,0.630926816523012,3.23906063284688,0.00119924076566966,0.0364900768854865,"Upregulated","LINC02419","long intergenic non-protein coding RNA 2419 [Source:HGNC Symbol;Acc:HGNC:53349]"
"ENSG00000258484",116.649759426302,4.4927521478299,0.780748234139199,5.75441858383875,8.69404924709119e-09,7.77506232664503e-06,"Upregulated","SPESP1","sperm equatorial segment protein 1 [Source:HGNC Symbol;Acc:HGNC:15570]"
"ENSG00000258526",56.2739361224974,1.43396437971509,0.394961304208838,3.63064524153201,0.000282713556967156,0.0150007996907005,"Upregulated","","novel transcript"
"ENSG00000258675",25.3612550156422,2.58891659071488,0.669978775555415,3.86417702347161,0.000111464366092573,0.00828003407694753,"Upregulated","LINC02308","long intergenic non-protein coding RNA 2308 [Source:HGNC Symbol;Acc:HGNC:53227]"
"ENSG00000258844",4.78426699789907,4.76221842972127,1.25514228081007,3.79416620930636,0.00014814041955364,0.00986144524055137,"Upregulated",NA,NA
"ENSG00000258998",10.734755884642,3.07039402044582,0.942563435050593,3.25749324264951,0.00112400934505296,0.0352402164956921,"Upregulated",NA,NA
"ENSG00000259291",393.959586260609,1.07757178369869,0.277590281020423,3.88187864408486,0.000103652603659769,0.00793764079322589,"Upregulated","ZNF710-AS1","ZNF710 antisense RNA 1 [Source:HGNC Symbol;Acc:HGNC:53141]"
"ENSG00000259416",8.18603310431719,1.62141753745942,0.418087895566213,3.8781738353452,0.000105243506674648,0.007981169409886,"Upregulated","LINC02883","long intergenic non-protein coding RNA 2883 [Source:HGNC Symbol;Acc:HGNC:54806]"
"ENSG00000259583",371.382835783077,1.26696551086076,0.354467177962573,3.57428159679861,0.000351190812654157,0.0169802835970431,"Upregulated","ALDH1A3-AS1","ALDH1A3 antisense RNA 1 [Source:HGNC Symbol;Acc:HGNC:55416]"
"ENSG00000259884",24.9933362014902,2.48979277941711,0.650646494865954,3.82664442068509,0.000129901949107954,0.00911125580814054,"Upregulated","NR4A1AS","NR4A1 antisense RNA [Source:HGNC Symbol;Acc:HGNC:54409]"
"ENSG00000260288",25.4399865248876,1.44911813128909,0.400609172666195,3.61728644814771,0.000297707776594549,0.0153776941250649,"Upregulated","","novel transcript"
"ENSG00000260484",4.49909454885774,5.13036680306057,1.26654292325316,4.05068530159488,5.10678502657394e-05,0.00483812372734984,"Upregulated","","novel transcript"
"ENSG00000260577",63.5184897783784,1.98751770594497,0.586774284131382,3.38719292868662,0.000706117134761284,0.0268467820906228,"Upregulated","CDH3-AS1","CDH3 antisense RNA 1 [Source:HGNC Symbol;Acc:HGNC:56084]"
"ENSG00000261026",14.11951237379,2.32125991387167,0.735657547837765,3.15535390168195,0.00160303528515586,0.0445537485504415,"Upregulated","","novel transcript, overlapping to EGR3"
"ENSG00000261121",42.1037782749524,2.0607551350336,0.603439979970831,3.41501260014826,0.000637790611076832,0.0249869565226107,"Upregulated","LINC02473","long intergenic non-protein coding RNA 2473 [Source:HGNC Symbol;Acc:HGNC:53412]"
"ENSG00000261594",178.024837986266,1.92732964520157,0.491706059728598,3.91967844826923,8.86671892573818e-05,0.00706850507531103,"Upregulated","TPBGL","trophoblast glycoprotein like [Source:HGNC Symbol;Acc:HGNC:44159]"
"ENSG00000262074",122.336330341878,2.04520436699203,0.561524670746467,3.64223421256491,0.000270281986313739,0.0145998019188048,"Upregulated","SNORD3B-2","small nucleolar RNA, C/D box 3B-2 [Source:HGNC Symbol;Acc:HGNC:33190]"
"ENSG00000262198",2248.12280294208,3.03812760734916,0.672720772163033,4.5161792723904,6.29653647687495e-06,0.0010889010304056,"Upregulated","","novel transcript"
"ENSG00000262619",146.586472765562,2.1628407559736,0.542954521947279,3.98346577576457,6.7917456373782e-05,0.00601594054627931,"Upregulated","LINC00621","long intergenic non-protein coding RNA 621 [Source:HGNC Symbol;Acc:HGNC:44227]"
"ENSG00000263934",1224.00396757852,2.44794558164349,0.616284869015827,3.97210073574047,7.12415793154173e-05,0.00617647485391091,"Upregulated","SNORD3A","small nucleolar RNA, C/D box 3A [Source:HGNC Symbol;Acc:HGNC:33189]"
"ENSG00000264940",217.842996815926,2.18170100386535,0.608791658463451,3.58365784671199,0.00033881585439218,0.016652926617757,"Upregulated","SNORD3C","small nucleolar RNA, C/D box 3C [Source:HGNC Symbol;Acc:HGNC:33191]"
"ENSG00000265185",78.2887989779137,1.73240408257198,0.531361816953437,3.26030969350548,0.00111290623507452,0.0350774737641375,"Upregulated","SNORD3B-1","small nucleolar RNA, C/D box 3B-1 [Source:HGNC Symbol;Acc:HGNC:10168]"
"ENSG00000266524",51.1328003930931,3.58495304482301,0.798436464936551,4.48996658125815,7.12343487235991e-06,0.00119070846841081,"Upregulated","GDF10","growth differentiation factor 10 [Source:HGNC Symbol;Acc:HGNC:4215]"
"ENSG00000267677",20.0599568984882,1.29070061287188,0.40074272038596,3.22077120110576,0.00127846168227597,0.0378501087728172,"Upregulated","","novel transcript"
"ENSG00000269553",9.52346226624404,3.0424925463948,0.756075237261659,4.02406056494331,5.72031959377892e-05,0.00526672242035674,"Upregulated","","novel transcript"
"ENSG00000272321",4.06692113934993,3.11625154216572,0.879338767224067,3.54385779214901,0.000394317872079675,0.0184910755364766,"Upregulated","","novel transcript, antisense to STK3"
"ENSG00000272360",26.7636662581717,1.75772170967633,0.463855874272835,3.78937037809821,0.000151029592813894,0.00993239887549725,"Upregulated","","novel transcript"
"ENSG00000273796",128.007790454659,1.01869160950776,0.312998385834053,3.25462256552294,0.00113543154265788,0.035344361877879,"Upregulated","BNAT1","breast cancer associated ESR1 regulating natural antisense transcript 1 [Source:HGNC Symbol;Acc:HGNC:56666]"
"ENSG00000274588",96.3133876510959,2.57452012405535,0.800149354300979,3.21754946150582,0.00129290732486933,0.0381740523155863,"Upregulated","DGKK","diacylglycerol kinase kappa [Source:HGNC Symbol;Acc:HGNC:32395]"
"ENSG00000275110",16.4755782523489,1.95241830212686,0.565069296050255,3.45518384342232,0.000549917712823124,0.0229260975046222,"Upregulated","",""
"ENSG00000275215",1659.40728834799,1.66801504514272,0.473679706598794,3.52139857778523,0.000429276845953057,0.0196511396498259,"Upregulated","RNA5-8SN3","RNA, 5.8S ribosomal N3 [Source:HGNC Symbol;Acc:HGNC:53525]"
"ENSG00000275395",7020.75920510594,2.2440946887241,0.600725754914256,3.73563921700744,0.000187238956772017,0.0115252453900063,"Upregulated","FCGBP","Fc gamma binding protein [Source:HGNC Symbol;Acc:HGNC:13572]"
"ENSG00000276050",4.14735402415039,3.73395418466414,1.18731164234342,3.14488130285185,0.00166154228836725,0.0454184677360806,"Upregulated","IGKV2OR2-10","immunoglobulin kappa variable 2/OR2-10 (pseudogene) [Source:HGNC Symbol;Acc:HGNC:5806]"
"ENSG00000276476",41.0139996353164,2.06242879861752,0.617401387318631,3.34049913229808,0.000836279420353769,0.0298078438977786,"Upregulated","LINC00540","long intergenic non-protein coding RNA 540 [Source:HGNC Symbol;Acc:HGNC:43673]"
"ENSG00000276644",1015.22733948394,2.43134465764124,0.627041778733463,3.8774843082262,0.000105542132412746,0.00798528842108935,"Upregulated","DACH1","dachshund family transcription factor 1 [Source:HGNC Symbol;Acc:HGNC:2663]"
"ENSG00000277027",421.617512097846,2.16194754767188,0.65810289769102,3.2851208454744,0.00101938639637479,0.0332522203359324,"Upregulated","RMRP","RNA component of mitochondrial RNA processing endoribonuclease [Source:HGNC Symbol;Acc:HGNC:10031]"
"ENSG00000277135",6.45634319641071,2.70245600866477,0.836272782868162,3.23154844211976,0.00123121452652651,0.0370213862001096,"Upregulated","","novel transcript"
"ENSG00000277534",968.257767353321,1.11264538511218,0.333638341342999,3.3348846557426,0.000853347875239106,0.0301614935667882,"Upregulated","","novel transcript, sense intronic to KCTD1"
"ENSG00000277739",1564.6466301913,1.73759258042815,0.480814933573697,3.6138490281767,0.000301684769637109,0.0155040356848882,"Upregulated","5_8S_rRNA","5.8S ribosomal RNA [Source:RFAM;Acc:RF00002]"
"ENSG00000278189",1564.66450706459,1.71615826375532,0.487769031853883,3.51838298801514,0.000434185246346093,0.019776006118604,"Upregulated","RNA5-8SN1","RNA, 5.8S ribosomal N1 [Source:HGNC Symbol;Acc:HGNC:53517]"
"ENSG00000278233",1633.85146152885,1.63562437186854,0.474404025571756,3.44774555801307,0.000565286292734837,0.0232646689522456,"Upregulated","RNA5-8SN2","RNA, 5.8S ribosomal N2 [Source:HGNC Symbol;Acc:HGNC:53521]"
"ENSG00000279694",8.3272315760002,2.56210802727373,0.824767358081332,3.10646147931217,0.00189340975462255,0.0495088782638703,"Upregulated","","TEC"
"ENSG00000279748",14.8192933471061,1.54070592585556,0.354679711829775,4.34393587923913,1.39952380167596e-05,0.00200629102884995,"Upregulated","","TEC"
"ENSG00000280003",11.0794832384267,1.43083152169679,0.434511630996539,3.292964835982,0.000991368726169424,0.0328770477063665,"Upregulated","","TEC"
"ENSG00000280614",48717.28353994,1.92042781051664,0.502579990995558,3.8211386145964,0.00013283695995983,0.00925751820103846,"Upregulated","","novel transcript, similar to YY1 associated myogenesis RNA 1 YAM1"
"ENSG00000280800",48988.1530709672,1.9191246993235,0.504342851077726,3.80519857716341,0.000141690469340727,0.00960820122489971,"Upregulated","","novel transcript, similar to YY1 associated myogenesis RNA 1 YAM1"
"ENSG00000281181",48910.3073273388,1.92780643070336,0.503309870860131,3.83025754573189,0.00012800920828136,0.00908126119458201,"Upregulated","","novel transcript, similar to YY1 associated myogenesis RNA 1 YAM1"
"ENSG00000281383",34560.5875101555,1.92719433316466,0.506222819907885,3.80700801578906,0.000140658187986448,0.00957794348820222,"Upregulated","","novel transcript, similar to YY1 associated myogenesis RNA 1 YAM1"
"ENSG00000282164",65.7428177569272,2.4806090831716,0.524027999035627,4.73373386104689,2.20426719010426e-06,0.000526192541015001,"Upregulated","PEG13","paternally expressed 13 [Source:HGNC Symbol;Acc:HGNC:19969]"
"ENSG00000283429",263.904728347822,1.23527807358298,0.366628279622136,3.36929293849376,0.000753612894449013,0.0279589528434347,"Upregulated","MIR1244-3","microRNA 1244-3 [Source:HGNC Symbol;Acc:HGNC:38390]"
"ENSG00000283633",34.437330404236,2.4843934767792,0.695260979870313,3.57332505161244,0.000352476768158307,0.0170172868053977,"Upregulated",NA,NA
"ENSG00000283683",52.3552482811943,3.50716002094606,0.831186563419952,4.21946188171727,2.44886121161031e-05,0.00302041617741446,"Upregulated","MYOCOS","myocilin opposite strand [Source:HGNC Symbol;Acc:HGNC:53429]"
"ENSG00000283907",65.6462247764585,1.51334842516726,0.462855181164838,3.26959378818817,0.00107702026653262,0.0343077793305631,"Upregulated",NA,NA
"ENSG00000285081",10.3899239393066,2.06210944268033,0.657914733918167,3.13431108374725,0.0017225813222349,0.046536057664979,"Upregulated","","Novel transcript, sense intronic to CPVL"
"ENSG00000285103",94.3807390615972,1.24595937533657,0.373080763580659,3.33965054477326,0.000838838716352928,0.0298318552969895,"Upregulated","EMICERI","EQTN MOB3B IFNK C9orf72 enhancer RNA I [Source:HGNC Symbol;Acc:HGNC:53656]"
"ENSG00000286056",31.6574336511461,3.00459211091545,0.871351458797116,3.44819771698464,0.000564340764606261,0.0232603756508899,"Upregulated","","novel transcript"
"ENSG00000286122",19.2265447331003,1.81282698349167,0.555292110391845,3.26463666521831,0.00109604573267672,0.0347134251671887,"Upregulated","LINC02964","long intergenic non-protein coding RNA 2964 [Source:HGNC Symbol;Acc:HGNC:53487]"
"ENSG00000286125",37.1424905155189,1.98358486497171,0.531282494182483,3.73357843838611,0.000188778365734739,0.0115649665608575,"Upregulated","","novel transcript (contains ZIM2-AS1 and PEG3-AS1)"
"ENSG00000286483",5.18510944823897,2.57221551423787,0.710927996603294,3.6181097474393,0.000296762559814376,0.0153776941250649,"Upregulated","","novel transcript"
"ENSG00000286596",15.5852945265113,2.2877946837715,0.46884604394641,4.87962885324677,1.06285664673083e-06,0.000304732188582432,"Upregulated","","novel transcript, antisense to PCDH7"
"ENSG00000286831",35.2884793594493,2.77454576542634,0.460655883774455,6.02303338164852,1.71178120378132e-09,2.15190648636894e-06,"Upregulated","","novel transcript"
"ENSG00000286861",11.8346609424979,1.41381084611166,0.443561245102521,3.18740841703807,0.00143553911564103,0.0411584175392344,"Upregulated","","novel transcript, antisense to ARG2"
"ENSG00000286923",25.6778001337466,2.5539197800571,0.618352936737706,4.13019754305852,3.62451656990633e-05,0.00379702961818552,"Upregulated","","novel transcript"
"ENSG00000287290",4.70327812267046,3.10107301510991,0.980738670292385,3.16197689460476,0.00156701997407871,0.0438510683670912,"Upregulated","","novel transcript"
"ENSG00000287387",21.4019907069539,1.6807553281583,0.399555880220274,4.20655886038195,2.59288573728785e-05,0.00312724982742632,"Upregulated",NA,NA
"ENSG00000287483",7.53010027854583,2.54030193646105,0.783931978730181,3.24046218981378,0.0011933609733571,0.0363852643788964,"Upregulated","","novel transcript"
"ENSG00000287781",5.53302437396816,4.2171498199674,1.19392440696851,3.53217489763455,0.000412156663202864,0.0190812188906312,"Upregulated","","novel transcript"
"ENSG00000287986",4.76735385137074,2.72896969324882,0.843471448588493,3.23540257090576,0.00121471333093215,0.0367619492791826,"Upregulated","","novel transcript, antisense to SPAAR"
"ENSG00000288096",92.796654280471,1.44193585443482,0.414910630853134,3.4752926225822,0.000510296372530792,0.0216610869300896,"Upregulated","","novel transcript"
"ENSG00000288187",17.2083072098348,1.22038140954308,0.393072727677822,3.10472165482657,0.00190458163302305,0.0496817643059525,"Upregulated","","novel transcript"
"ENSG00000288895",16.2667607552499,2.00387737296543,0.597346124619703,3.35463358742168,0.000794701716486499,0.0289897607180371,"Upregulated","","novel transcript"
"ENSG00000290901",8.67487527112061,2.93283945981597,0.823993971173438,3.55929723082726,0.000371848501990616,0.0177937213696013,"Upregulated","","novel transcript"
"ENSG00000291200",168.74300727231,4.37754700911004,0.874679989974354,5.00474123026228,5.59371225683436e-07,0.000200912621005089,"Upregulated","","novel transcript"
